City,Latitude,Longitude
Bogotá,4.6516,-74.1263
Bogotá,4.662,-74.1347
Bogotá,4.6476,-74.1019
Medellín,6.1633,-75.6053
Medellín,6.1778,-75.5914
Medellín,6.1981,-75.5734
Cali,3.4288,-76.5375
Cali,3.4149,-76.5404
Cali,3.4164,-76.5475
Bucaramanga,7.0999,-73.1073
Bucaramanga,7.0724,-73.1053
Barranquilla,11.0142,-74.8275
Barranquilla,11.004,-74.8355
Barranquilla,10.9906,-74.7888
